Title,Company Name,Job Type,Locations,Apply link,Job ID
.Net Azure Engineer,Deloitte Consulting India Private Limited,Software Engineering | Core Business Operations,"Bengaluru, Karnataka, India
Hyderabad, Telangana, India
Mumbai, Maharashtra, India",https://usijobs.deloitte.com/careersUSI/Login?jobId=53715,53715
.Net Core - Senior Consultant - Hyderabad,Deloitte Tax Services India Private Limited,Tax | National Tax,"Hyderabad, Telangana, India",https://usijobs.deloitte.com/careersUSI/Login?jobId=46331,46331
.Net Developer,Deloitte Consulting India Private Limited,Software Engineering | Core Business Operations,"Bengaluru, Karnataka, India
Hyderabad, Telangana, India
Mumbai, Maharashtra, India",https://usijobs.deloitte.com/careersUSI/Login?jobId=89021,89021
.Net Developer,Deloitte Consulting India Private Limited,Software Engineering | Core Business Operations,"Bengaluru, Karnataka, India
Hyderabad, Telangana, India
Mumbai, Maharashtra, India",https://usijobs.deloitte.com/careersUSI/Login?jobId=89032,89032
.Net Developer,Deloitte Consulting India Private Limited,Software Engineering | Core Business Operations,"Bengaluru, Karnataka, India
Hyderabad, Telangana, India
Mumbai, Maharashtra, India",https://usijobs.deloitte.com/careersUSI/Login?jobId=49835,49835
.Net Developer - Assistant Manager- Hyderabad/Bengaluru,Deloitte Support Services India Private Limited,Software Engineering | DTTL/MF - Global DAS,"Bengaluru, Karnataka, India
Hyderabad, Telangana, India",https://usijobs.deloitte.com/careersUSI/Login?jobId=95719,95719
.Net Full stack - Kafka (Senior Analyst),Deloitte Support Services India Private Limited,Software Engineering | DAS,"Bengaluru, Karnataka, India
Hyderabad, Telangana, India",https://usijobs.deloitte.com/careersUSI/Login?jobId=93640,93640
.Net Full Stack Developer,Deloitte Financial Advisory Services India Private Limited,Software Engineering | Accounting & Internal Controls,"Bengaluru, Karnataka, India
Gurugram, Haryana, India
Hyderabad, Telangana, India
Kolkata, West Bengal, India
Mumbai, Maharashtra, India
Pune, Maharashtra, India",https://usijobs.deloitte.com/careersUSI/Login?jobId=92668,92668
.NET Full Stack Developer - Senior Analyst,Deloitte Support Services India Private Limited,Software Engineering | DTTL/MF - Global DAS,"Bengaluru, Karnataka, India
Hyderabad, Telangana, India",https://usijobs.deloitte.com/careersUSI/Login?jobId=65730,65730
.NET Web Developer - Hyderabad,Deloitte Support Services India Private Limited,Software Engineering | DTTL/MF - Global DAS,"Bengaluru, Karnataka, India
Hyderabad, Telangana, India",https://usijobs.deloitte.com/careersUSI/Login?jobId=66228,66228
5G Telecommunications -Cybersecurity- Consultant/Senior Consultant,Deloitte & Touche Assurance and Enterprise Risk Services India Private Limited,Cyber | Cyber & Strategic Risk,"Bengaluru, Karnataka, India
Gurugram, Haryana, India
Hyderabad, Telangana, India
Mumbai, Maharashtra, India",https://usijobs.deloitte.com/careersUSI/Login?jobId=48430,48430
A&A - Analytical Developer with Spark -Hyderabad,Deloitte & Touche Assurance and Enterprise Risk Services India Private Limited,Product Management & Development | Core Audit Services,"Hyderabad, Telangana, India",https://usijobs.deloitte.com/careersUSI/Login?jobId=97528,97528
A&A - Data Specialist,Deloitte & Touche Assurance and Enterprise Risk Services India Private Limited,Audit & Accounting | Core Audit Services,"Hyderabad, Telangana, India",https://usijobs.deloitte.com/careersUSI/Login?jobId=97527,97527
A&A - Infomatica -Analyst / SA,Deloitte & Touche Assurance and Enterprise Risk Services India Private Limited,Audit & Accounting | Core Audit Services,"Hyderabad, Telangana, India",https://usijobs.deloitte.com/careersUSI/Login?jobId=89375,89375
A&A - Infomatica -Analyst / SA,Deloitte & Touche Assurance and Enterprise Risk Services India Private Limited,Audit & Accounting | Core Audit Services,"Hyderabad, Telangana, India",https://usijobs.deloitte.com/careersUSI/Login?jobId=97526,97526
A&A - NetSuite - Technical Consultant,Deloitte & Touche Assurance and Enterprise Risk Services India Private Limited,ERP Platforms | Core Audit Services,"Bengaluru, Karnataka, India
Gurugram, Haryana, India
Hyderabad, Telangana, India",https://usijobs.deloitte.com/careersUSI/Login?jobId=52355,52355
A&A -Data Scientist - AI POD,Deloitte & Touche Assurance and Enterprise Risk Services India Private Limited,AI & Analytics,"Bengaluru, Karnataka, India",https://usijobs.deloitte.com/careersUSI/Login?jobId=47226,47226
A&A Audit Services -  Business Analyst,Deloitte & Touche Assurance and Enterprise Risk Services India Private Limited,Audit & Accounting | Core Audit Services,"Hyderabad, Telangana, India",https://usijobs.deloitte.com/careersUSI/Login?jobId=97535,97535
A&A NetSuite - Functional - Specialist Sr Assistant / Senior,Deloitte & Touche Assurance and Enterprise Risk Services India Private Limited,ERP Platforms | Core Audit Services,"Bengaluru, Karnataka, India
Gurugram, Haryana, India
Hyderabad, Telangana, India",https://usijobs.deloitte.com/careersUSI/Login?jobId=97531,97531
A&C Python Data Engineer,Deloitte Consulting India Private Limited,AI & Analytics | Strategy & Analytics,"Bengaluru, Karnataka, India
Gurugram, Haryana, India
Hyderabad, Telangana, India
Mumbai, Maharashtra, India",https://usijobs.deloitte.com/careersUSI/Login?jobId=56618,56618
AAC Senior Cloud Software Engineer - Hyderabad,Deloitte Support Services India Private Limited,Cloud | T&I,"Hyderabad, Telangana, India",https://usijobs.deloitte.com/careersUSI/Login?jobId=55882,55882
Adobe Analytics Developer - Bangalore/ Hyderabad / Mumbai/ Gurgaon,Deloitte Consulting India Private Limited,"Advertising, Marketing & Commerce | Customer & Marketing","Bengaluru, Karnataka, India
Gurugram, Haryana, India
Hyderabad, Telangana, India
Mumbai, Maharashtra, India",https://usijobs.deloitte.com/careersUSI/Login?jobId=46833,46833
Adobe Forms Developer/ Consultant,Deloitte Consulting India Private Limited,"Advertising, Marketing & Commerce | Customer & Marketing","Bengaluru, Karnataka, India
Gurugram, Haryana, India
Hyderabad, Telangana, India
Mumbai, Maharashtra, India",https://usijobs.deloitte.com/careersUSI/Login?jobId=58040,58040
Advisory Client Support Desk - ASA / SA,Deloitte & Touche Assurance and Enterprise Risk Services India Private Limited,Information Technology | Regulatory & Legal Support,"Hyderabad, Telangana, India",https://usijobs.deloitte.com/careersUSI/Login?jobId=96925,96925
Advisory QRM Support Specialist - Consultant,Deloitte & Touche Assurance and Enterprise Risk Services India Private Limited,Information Technology | Risk & Financial Advisory National,"Bengaluru, Karnataka, India
Chennai, Tamil Nadu, India
Gurugram, Haryana, India
Hyderabad, Telangana, India
Kolkata, West Bengal, India
Mumbai, Maharashtra, India
Pune, Maharashtra, India",https://usijobs.deloitte.com/careersUSI/Login?jobId=95117,95117
AEM  Manager,Deloitte Consulting India Private Limited,"Advertising, Marketing & Commerce | Customer & Marketing","Bengaluru, Karnataka, India
Gurugram, Haryana, India
Hyderabad, Telangana, India
Mumbai, Maharashtra, India",https://usijobs.deloitte.com/careersUSI/Login?jobId=53043,53043
AEM - Developer,Deloitte Support Services India Private Limited,Software Engineering | DTTL/MF - Global DAS,"Bengaluru, Karnataka, India
Hyderabad, Telangana, India",https://usijobs.deloitte.com/careersUSI/Login?jobId=57039,57039
AEM Analyst/Consultant,Deloitte Consulting India Private Limited,"Advertising, Marketing & Commerce | Customer & Marketing","Bengaluru, Karnataka, India
Chennai, Tamil Nadu, India
Gurugram, Haryana, India
Hyderabad, Telangana, India
Kolkata, West Bengal, India
Mumbai, Maharashtra, India
Pune, Maharashtra, India",https://usijobs.deloitte.com/careersUSI/Login?jobId=90696,90696
AEM Senior Consultant / Specialist Master,Deloitte Consulting India Private Limited,"Advertising, Marketing & Commerce | Customer & Marketing","Bengaluru, Karnataka, India
Gurugram, Haryana, India
Hyderabad, Telangana, India
Mumbai, Maharashtra, India",https://usijobs.deloitte.com/careersUSI/Login?jobId=53041,53041
AEM Senior Consultant/Senior Specialist,Deloitte Consulting India Private Limited,"Advertising, Marketing & Commerce | Customer & Marketing","Bengaluru, Karnataka, India
Chennai, Tamil Nadu, India
Gurugram, Haryana, India
Hyderabad, Telangana, India
Kolkata, West Bengal, India
Mumbai, Maharashtra, India
Pune, Maharashtra, India",https://usijobs.deloitte.com/careersUSI/Login?jobId=94627,94627
AI Platform Architect - Deloitte AI Center of Excellence(CoE),Deloitte & Touche Assurance and Enterprise Risk Services India Private Limited,Software Engineering | Cyber & Strategic Risk,"Bengaluru, Karnataka, India
Chennai, Tamil Nadu, India
Gurugram, Haryana, India
Hyderabad, Telangana, India
Kolkata, West Bengal, India
Mumbai, Maharashtra, India
Pune, Maharashtra, India",https://usijobs.deloitte.com/careersUSI/Login?jobId=96656,96656
AI/ML/ML Ops-Senior Consultant- Hyderabad/Bengaluru/Mumbai,Deloitte Consulting India Private Limited,Cloud | Core Business Operations,"Bengaluru, Karnataka, India
Hyderabad, Telangana, India
Mumbai, Maharashtra, India
Pune, Maharashtra, India",https://usijobs.deloitte.com/careersUSI/Login?jobId=91296,91296
AI/ML/ML Ops-Senior Consultant- Hyderabad/Bengaluru/Mumbai,Deloitte Consulting India Private Limited,Cloud | Core Business Operations,"Bengaluru, Karnataka, India
Hyderabad, Telangana, India
Mumbai, Maharashtra, India",https://usijobs.deloitte.com/careersUSI/Login?jobId=91018,91018
AM - Offer Management Group,Deloitte Consulting India Private Limited,Human Resources | Talent Ops - Core Talent Services,"Hyderabad, Telangana, India",https://usijobs.deloitte.com/careersUSI/Login?jobId=71392,71392
AM — Cross Border Engagements,Deloitte Consulting India Private Limited,Human Resources | Talent Ops - Core Talent Services,"Hyderabad, Telangana, India",https://usijobs.deloitte.com/careersUSI/Login?jobId=81629,81629
AM&C Senior Manager,Deloitte Consulting India Private Limited,"Advertising, Marketing & Commerce | Customer & Marketing","Bengaluru, Karnataka, India
Gurugram, Haryana, India
Hyderabad, Telangana, India
Mumbai, Maharashtra, India",https://usijobs.deloitte.com/careersUSI/Login?jobId=51510,51510
AM&C Senior Manager,Deloitte Consulting India Private Limited,"Advertising, Marketing & Commerce | Customer & Marketing","Bengaluru, Karnataka, India
Gurugram, Haryana, India
Hyderabad, Telangana, India
Mumbai, Maharashtra, India",https://usijobs.deloitte.com/careersUSI/Login?jobId=59649,59649
Amazon Connect FQV - Analyst/Consultant,Deloitte Consulting India Private Limited,Software Engineering | Customer & Marketing,"Bengaluru, Karnataka, India
Chennai, Tamil Nadu, India
Gurugram, Haryana, India
Hyderabad, Telangana, India
Kolkata, West Bengal, India
Mumbai, Maharashtra, India
Pune, Maharashtra, India",https://usijobs.deloitte.com/careersUSI/Login?jobId=97855,97855
Amazon Connect FQV - Sr. Consultant,Deloitte Consulting India Private Limited,Software Engineering | Customer & Marketing,"Bengaluru, Karnataka, India
Chennai, Tamil Nadu, India
Gurugram, Haryana, India
Hyderabad, Telangana, India
Kolkata, West Bengal, India
Mumbai, Maharashtra, India
Pune, Maharashtra, India",https://usijobs.deloitte.com/careersUSI/Login?jobId=97854,97854
Analyst  - VBA Developer,Deloitte Support Services India Private Limited,Digital,"Hyderabad, Telangana, India",https://usijobs.deloitte.com/careersUSI/Login?jobId=94595,94595
Analyst - Account Management & Research - Hyderabad,Deloitte Support Services India Private Limited,Administrative & Support Services | DTTL/MF - Global MF Services,"Hyderabad, Telangana, India",https://usijobs.deloitte.com/careersUSI/Login?jobId=85798,85798
Analyst - Accounts Receivables - GPS,Deloitte Support Services India Private Limited,Finance | GPS Finance,"Hyderabad, Telangana, India",https://usijobs.deloitte.com/careersUSI/Login?jobId=98569,98569
Analyst - Canada Conflicts - Risk & Brand Protection - Hyderabad,Deloitte Support Services India Private Limited,Regulatory & Risk Management,"Hyderabad, Telangana, India",https://usijobs.deloitte.com/careersUSI/Login?jobId=49314,49314
Analyst - Clauses & Template Administration - Records & Contract Management - Enabling Areas,Deloitte Support Services India Private Limited,Administrative & Support Services | Records Management,"Hyderabad, Telangana, India",https://usijobs.deloitte.com/careersUSI/Login?jobId=98813,98813
Analyst - Cognos Developer - Govt. and Public Services Business Systems - Hyderabad,Deloitte Support Services India Private Limited,Software Engineering | GPS Operations,"Hyderabad, Telangana, India",https://usijobs.deloitte.com/careersUSI/Login?jobId=49325,49325
Analyst - Compliance Advise - Govt. and Public Services,Deloitte Support Services India Private Limited,Customer Relationship Management,"Hyderabad, Telangana, India",https://usijobs.deloitte.com/careersUSI/Login?jobId=49361,49361
Analyst - Compliance Helpdesk - Risk and Brand Protection,Deloitte Support Services India Private Limited,Finance,"Hyderabad, Telangana, India",https://usijobs.deloitte.com/careersUSI/Login?jobId=73265,73265
Analyst - Compliance Monitoring - Risk & Brand Protection - Hyderabad,Deloitte Support Services India Private Limited,Regulatory & Risk Management,"Hyderabad, Telangana, India",https://usijobs.deloitte.com/careersUSI/Login?jobId=49311,49311
Analyst - Confidentiality and Privacy - Risk and Brand Protection,Deloitte Support Services India Private Limited,Regulatory & Risk Management,"Hyderabad, Telangana, India",https://usijobs.deloitte.com/careersUSI/Login?jobId=49369,49369
Analyst - Contracts PMO - Govt. and Public Services,Deloitte Support Services India Private Limited,Finance | GPS Contracts,"Hyderabad, Telangana, India",https://usijobs.deloitte.com/careersUSI/Login?jobId=55634,55634
Analyst - Core Research Services,Deloitte Support Services India Private Limited,AI & Analytics | DTTL/MF,"Bengaluru, Karnataka, India
Hyderabad, Telangana, India",https://usijobs.deloitte.com/careersUSI/Login?jobId=96952,96952
Analyst - Core Research Services,Deloitte Support Services India Private Limited,AI & Analytics | DTTL/MF,"Bengaluru, Karnataka, India
Hyderabad, Telangana, India",https://usijobs.deloitte.com/careersUSI/Login?jobId=59927,59927
Analyst - CPE Operations - Risk and Brand Protection,Deloitte Support Services India Private Limited,Regulatory & Risk Management,"Hyderabad, Telangana, India",https://usijobs.deloitte.com/careersUSI/Login?jobId=50496,50496
Analyst - CWM - Coordinator,Deloitte Consulting India Private Limited,Human Resources | Talent Ops - Core Talent Services,"Bengaluru, Karnataka, India
Hyderabad, Telangana, India",https://usijobs.deloitte.com/careersUSI/Login?jobId=65282,65282
Analyst - Data Analytics and Tableau - Risk and Brand Protection,Deloitte Support Services India Private Limited,AI & Analytics,"Hyderabad, Telangana, India",https://usijobs.deloitte.com/careersUSI/Login?jobId=55077,55077
Analyst - Developer (1-1.5 Years),Deloitte Support Services India Private Limited,Software Engineering | DTTL/MF - Global DAS,"Bengaluru, Karnataka, India
Hyderabad, Telangana, India",https://usijobs.deloitte.com/careersUSI/Login?jobId=76981,76981
Analyst - Digital Solution - Offices of Strategic Initiatives- Workplace Experience,Deloitte Support Services India Private Limited,Administrative & Support Services,"Hyderabad, Telangana, India",https://usijobs.deloitte.com/careersUSI/Login?jobId=94375,94375
Analyst - Discipline - Risk and Brand Protection - Hyderabad,Deloitte Support Services India Private Limited,Regulatory & Risk Management,"Hyderabad, Telangana, India",https://usijobs.deloitte.com/careersUSI/Login?jobId=49321,49321
Analyst - Engagement Financial Advisor,Deloitte Consulting India Private Limited,Finance | ENGAGEMENT FINANCIAL ADVISORS,"Bengaluru, Karnataka, India
Hyderabad, Telangana, India",https://usijobs.deloitte.com/careersUSI/Login?jobId=93648,93648
Analyst - Ethics and Compliance - Risk and Brand Protection,Deloitte Support Services India Private Limited,Finance,"Hyderabad, Telangana, India",https://usijobs.deloitte.com/careersUSI/Login?jobId=68501,68501
Analyst - Ethics and Compliance (Data Removal) - Risk and Brand Protection,Deloitte Support Services India Private Limited,Finance,"Hyderabad, Telangana, India",https://usijobs.deloitte.com/careersUSI/Login?jobId=73266,73266
Analyst - Event Coordinator - Workplace Experience,Deloitte Support Services India Private Limited,Administrative & Support Services,"Hyderabad, Telangana, India",https://usijobs.deloitte.com/careersUSI/Login?jobId=97559,97559
Analyst - Finance - USI Real Estate - Workplace Experience,Deloitte Support Services India Private Limited,Administrative & Support Services,"Hyderabad, Telangana, India",https://usijobs.deloitte.com/careersUSI/Login?jobId=87262,87262
Analyst - GPS Engagement Financial Advisor,Deloitte Support Services India Private Limited,Finance | GPS Finance,"Hyderabad, Telangana, India",https://usijobs.deloitte.com/careersUSI/Login?jobId=52705,52705
Analyst - HR Analytics,Deloitte Support Services India Private Limited,Human Resources | US GLOBAL REIMBURSEMENTS,"Hyderabad, Telangana, India",https://usijobs.deloitte.com/careersUSI/Login?jobId=64038,64038
Analyst - Independence Audit - Risk and Brand Protection - Hyderabad,Deloitte Support Services India Private Limited,Regulatory & Risk Management,"Hyderabad, Telangana, India",https://usijobs.deloitte.com/careersUSI/Login?jobId=49317,49317
Analyst - Internal Communications - Hyderabad,Deloitte Support Services India Private Limited,Administrative & Support Services | MARKETING EXCELLENCE,"Hyderabad, Telangana, India",https://usijobs.deloitte.com/careersUSI/Login?jobId=89009,89009
Analyst - IT Procurement,Deloitte Support Services India Private Limited,Finance | GPS Contracts,"Hyderabad, Telangana, India",https://usijobs.deloitte.com/careersUSI/Login?jobId=84494,84494
Analyst - Policy and Compliance - Govt. and Public Services,Deloitte Support Services India Private Limited,Administrative & Support Services | GPS Compliance,"Hyderabad, Telangana, India",https://usijobs.deloitte.com/careersUSI/Login?jobId=95119,95119
Analyst - Regulatory Reporting - Risk and Brand Protection,Deloitte Support Services India Private Limited,Finance | Regulatory,"Hyderabad, Telangana, India",https://usijobs.deloitte.com/careersUSI/Login?jobId=68265,68265
Analyst - Risk and Brand Protection,Deloitte Support Services India Private Limited,Finance | Regulatory,"Hyderabad, Telangana, India",https://usijobs.deloitte.com/careersUSI/Login?jobId=63225,63225
Analyst - Risk and Brand Protection - Background Research,Deloitte Support Services India Private Limited,Finance,"Hyderabad, Telangana, India",https://usijobs.deloitte.com/careersUSI/Login?jobId=68959,68959
Analyst - Shared Services Center - GPS,Deloitte Support Services India Private Limited,Finance | GPS Finance,"Hyderabad, Telangana, India",https://usijobs.deloitte.com/careersUSI/Login?jobId=76968,76968
Analyst - Talent Operation - W2D Facilitation & Program Management - HYD/BLR,Deloitte Consulting India Private Limited,Human Resources | Talent Ops - Core Talent Services,"Bengaluru, Karnataka, India
Hyderabad, Telangana, India",https://usijobs.deloitte.com/careersUSI/Login?jobId=77565,77565
Analyst - Third Party Risk Management - Risk and Brand Protection,Deloitte Support Services India Private Limited,Finance | THIRD PARTY RISK MANAGEMENT,"Hyderabad, Telangana, India",https://usijobs.deloitte.com/careersUSI/Login?jobId=65998,65998
Analyst - UI/UX Developer - Internal Comms - Hyderabad,Deloitte Consulting India Private Limited,Digital | MARKETING EXCELLENCE,"Hyderabad, Telangana, India",https://usijobs.deloitte.com/careersUSI/Login?jobId=49382,49382
Analyst – Global Industries and Sectors USI Support,Deloitte Support Services India Private Limited,"Advertising, Marketing & Commerce","Hyderabad, Telangana, India",https://usijobs.deloitte.com/careersUSI/Login?jobId=77876,77876
Analyst – Strategy CoE - Market Intelligence,Deloitte Support Services India Private Limited,"Advertising, Marketing & Commerce","Hyderabad, Telangana, India",https://usijobs.deloitte.com/careersUSI/Login?jobId=86473,86473
Analyst – UX and Dev – O365/SharePoint -  Hyderabad,Deloitte Support Services India Private Limited,Software Engineering | DTTL/MF,"Hyderabad, Telangana, India",https://usijobs.deloitte.com/careersUSI/Login?jobId=50515,50515
Analyst –CMG - GPS - Competitive and Market Intelligence,Deloitte Support Services India Private Limited,Business Development & Sales,"Hyderabad, Telangana, India",https://usijobs.deloitte.com/careersUSI/Login?jobId=99344,99344
Analyst / Associate solution Advisor / Solution Advisor - AML - Hyderabad / Bangalore / Gurgaon /Mumbai,Deloitte Financial Advisory Services India Private Limited,Forensic | Regulatory & Legal Support,"Hyderabad, Telangana, India",https://usijobs.deloitte.com/careersUSI/Login?jobId=99352,99352
Analyst / Consultant - Dot Net Full Stack Developer - Hyderabad,Deloitte Tax Services India Private Limited,Tax | National Tax,"Hyderabad, Telangana, India",https://usijobs.deloitte.com/careersUSI/Login?jobId=49374,49374
Analyst / Consultant - Tax Automation and Data Management,Deloitte Tax Services India Private Limited,Tax | Tax Management Consulting,"Gurugram, Haryana, India
Hyderabad, Telangana, India",https://usijobs.deloitte.com/careersUSI/Login?jobId=56011,56011
Analyst / Senior Analyst (Graphic/Visual Design),Deloitte Support Services India Private Limited,"Advertising, Marketing & Commerce","Mumbai, Maharashtra, India",https://usijobs.deloitte.com/careersUSI/Login?jobId=85140,85140
Analyst / Sr. Analyst - Global & US Strategy Research - Hyderabad,Deloitte Support Services India Private Limited,Management Consulting | STRATEGIC SERVICES,"Hyderabad, Telangana, India",https://usijobs.deloitte.com/careersUSI/Login?jobId=47636,47636
Analyst / Sr. Analyst - Radio Jockey/Podcaster & creative writer - Hyderabad,Deloitte Support Services India Private Limited,Administrative & Support Services | MARKETING EXCELLENCE,"Hyderabad, Telangana, India",https://usijobs.deloitte.com/careersUSI/Login?jobId=77539,77539
Analyst I - WNT - Tax Knowledge Services - Hyderabad,Deloitte Tax Services India Private Limited,Tax | Washington National Tax (WNT),"Hyderabad, Telangana, India",https://usijobs.deloitte.com/careersUSI/Login?jobId=96659,96659
"Analyst or, Sr. Analyst - Client Account Coordinator - Hyderabad",Deloitte Support Services India Private Limited,Administrative & Support Services | DTTL/MF - Global MF Services,"Hyderabad, Telangana, India",https://usijobs.deloitte.com/careersUSI/Login?jobId=82430,82430
Analyst- Administrative Assistant-Workplace Experience,Deloitte Support Services India Private Limited,Administrative & Support Services,"Hyderabad, Telangana, India",https://usijobs.deloitte.com/careersUSI/Login?jobId=46849,46849
Analyst- Background Check Investigations - Workplace Experience,Deloitte Support Services India Private Limited,Administrative & Support Services,"Hyderabad, Telangana, India",https://usijobs.deloitte.com/careersUSI/Login?jobId=79683,79683
Analyst- Background Check Investigations - Workplace Experience,Deloitte Support Services India Private Limited,Administrative & Support Services,"Hyderabad, Telangana, India",https://usijobs.deloitte.com/careersUSI/Login?jobId=79682,79682
Analyst- Compliance & Reporting Analytics- Records & Contracts Management- Workplace Experience,Deloitte Support Services India Private Limited,Administrative & Support Services | Records Management,"Hyderabad, Telangana, India",https://usijobs.deloitte.com/careersUSI/Login?jobId=52031,52031
Analyst- CSR- Office of The Regional Managing Principal,Deloitte Consulting LLP,Administrative & Support Services,"Bengaluru, Karnataka, India
Gurugram, Haryana, India
Mumbai, Maharashtra, India",https://usijobs.deloitte.com/careersUSI/Login?jobId=71189,71189
Analyst- Cura Learning Platform Support-Global Audit & Assurance Learning- Deloitte Support Services India Private Limited,Deloitte Support Services India Private Limited,AI & Analytics,"Hyderabad, Telangana, India",https://usijobs.deloitte.com/careersUSI/Login?jobId=62196,62196
Analyst- ELE Onboarding,Deloitte Consulting India Private Limited,Human Resources | Talent Ops - Core Talent Services,"Hyderabad, Telangana, India",https://usijobs.deloitte.com/careersUSI/Login?jobId=83944,83944
Analyst- Finance- ORMP- Enabling Areas,Deloitte Support Services India Private Limited,Administrative & Support Services,"Hyderabad, Telangana, India",https://usijobs.deloitte.com/careersUSI/Login?jobId=74903,74903
Analyst- Financial Planning and Analysis--Global Finance,Deloitte Support Services India Private Limited,Finance | US GLOBAL REIMBURSEMENTS,"Hyderabad, Telangana, India",https://usijobs.deloitte.com/careersUSI/Login?jobId=47650,47650
Analyst- GFS: Record to Report (RTR)Controllership Services,Deloitte Support Services India Private Limited,Finance,"Hyderabad, Telangana, India",https://usijobs.deloitte.com/careersUSI/Login?jobId=97853,97853
Analyst- Information Reporting-Workplace Experience,Deloitte Support Services India Private Limited,Administrative & Support Services | Real Estate,"Hyderabad, Telangana, India",https://usijobs.deloitte.com/careersUSI/Login?jobId=47988,47988
Analyst- Meeting & Event Services- Workplace Experience,Deloitte Support Services India Private Limited,Administrative & Support Services,"Hyderabad, Telangana, India",https://usijobs.deloitte.com/careersUSI/Login?jobId=55117,55117
Analyst- PMO Support- Real Estate Services- Workplace Experience,Deloitte Support Services India Private Limited,Administrative & Support Services | Real Estate,"Hyderabad, Telangana, India",https://usijobs.deloitte.com/careersUSI/Login?jobId=63478,63478
Analyst- Project Coordinator- Administrative Business Centre- Workplace Experience,Deloitte Support Services India Private Limited,Administrative & Support Services,"Hyderabad, Telangana, India",https://usijobs.deloitte.com/careersUSI/Login?jobId=58087,58087
Analyst- Proofreading Specialist - Workplace Experience,Deloitte Support Services India Private Limited,Administrative & Support Services,"Hyderabad, Telangana, India",https://usijobs.deloitte.com/careersUSI/Login?jobId=78153,78153
Analyst- Real Estate Services- Workplace Experience,Deloitte Support Services India Private Limited,Administrative & Support Services | Real Estate,"Hyderabad, Telangana, India",https://usijobs.deloitte.com/careersUSI/Login?jobId=46922,46922
Analyst- Strategy- Real Estate Services- Workplace Experience,Deloitte Support Services India Private Limited,Administrative & Support Services | Real Estate,"Hyderabad, Telangana, India",https://usijobs.deloitte.com/careersUSI/Login?jobId=52007,52007
Analyst- Systems Support- Real Estate Services- Workplace Experience,Deloitte Support Services India Private Limited,Administrative & Support Services | Real Estate,"Hyderabad, Telangana, India",https://usijobs.deloitte.com/careersUSI/Login?jobId=63479,63479
Analyst- Systems Support- Records & Contracts Management- Enabling Areas- Workplace Experience,Deloitte Support Services India Private Limited,Administrative & Support Services,"Hyderabad, Telangana, India",https://usijobs.deloitte.com/careersUSI/Login?jobId=53984,53984
Analyst- Systems Support- Records & Contracts Management- Enabling Areas- Workplace Experience,Deloitte Support Services India Private Limited,Administrative & Support Services,"Hyderabad, Telangana, India",https://usijobs.deloitte.com/careersUSI/Login?jobId=53989,53989
Analyst- Systems Support- Records & Contracts Management- Workplace Experience,Deloitte Support Services India Private Limited,Administrative & Support Services | Records Management,"Hyderabad, Telangana, India",https://usijobs.deloitte.com/careersUSI/Login?jobId=63476,63476
Analyst- USI BSO NSE BE HR Back Office support services - Deloitte Support Services India Private Limited,Deloitte Support Services India Private Limited,Human Resources | US GLOBAL REIMBURSEMENTS,"Hyderabad, Telangana, India",https://usijobs.deloitte.com/careersUSI/Login?jobId=99355,99355
Analyst- USI BSO NSE BE HR Back Office support services - Deloitte Support Services India Private Limited,Deloitte Support Services India Private Limited,Human Resources | US GLOBAL REIMBURSEMENTS,"Hyderabad, Telangana, India",https://usijobs.deloitte.com/careersUSI/Login?jobId=98353,98353
Analyst-ALM-GFS,Deloitte Support Services India Private Limited,Finance | US GLOBAL REIMBURSEMENTS,"Hyderabad, Telangana, India",https://usijobs.deloitte.com/careersUSI/Login?jobId=48797,48797
Analyst-Audit Tax and Reporting-MF,Deloitte Support Services India Private Limited,Finance | US GLOBAL REIMBURSEMENTS,"Hyderabad, Telangana, India",https://usijobs.deloitte.com/careersUSI/Login?jobId=50805,50805
Analyst-Billing-GFS,Deloitte Support Services India Private Limited,Finance | GFS FINANCE OPERATIONS,"Hyderabad, Telangana, India",https://usijobs.deloitte.com/careersUSI/Login?jobId=51154,51154
Analyst-Clauses & Template Administration-Records & Contracts Management-Workplace Experience,Deloitte Support Services India Private Limited,Administrative & Support Services,"Hyderabad, Telangana, India",https://usijobs.deloitte.com/careersUSI/Login?jobId=52037,52037
Analyst-Collections-GFS,Deloitte Support Services India Private Limited,Finance | US GLOBAL REIMBURSEMENTS,"Hyderabad, Telangana, India",https://usijobs.deloitte.com/careersUSI/Login?jobId=51126,51126
Analyst-Employee Lifecycle Events-Transfers,Deloitte Consulting India Private Limited,Human Resources | Talent Ops - Core Talent Services,"Bengaluru, Karnataka, India
Hyderabad, Telangana, India",https://usijobs.deloitte.com/careersUSI/Login?jobId=82831,82831
Analyst-End User Support - Hyderabad,Deloitte Support Services India Private Limited,Information Technology | TSS,"Hyderabad, Telangana, India",https://usijobs.deloitte.com/careersUSI/Login?jobId=80355,80355
Analyst-FSV-GFS,Deloitte Support Services India Private Limited,Finance | US GLOBAL REIMBURSEMENTS,"Hyderabad, Telangana, India",https://usijobs.deloitte.com/careersUSI/Login?jobId=51134,51134
Analyst-GLO-GFS,Deloitte Support Services India Private Limited,Finance | US GLOBAL REIMBURSEMENTS,"Hyderabad, Telangana, India",https://usijobs.deloitte.com/careersUSI/Login?jobId=56617,56617
Analyst-Global Control-GFS,Deloitte Support Services India Private Limited,Finance | US GLOBAL REIMBURSEMENTS,"Hyderabad, Telangana, India",https://usijobs.deloitte.com/careersUSI/Login?jobId=63763,63763
Analyst-Global Rates Management-GFS,Deloitte Support Services India Private Limited,Finance | GFS FINANCE OPERATIONS,"Hyderabad, Telangana, India",https://usijobs.deloitte.com/careersUSI/Login?jobId=63765,63765
Analyst-Government and Public Services (GPS) – Market Research & Intelligence – Deloitte Support Services India Private Limited,Deloitte Support Services India Private Limited,AI & Analytics | DTTL/MF,"Bengaluru, Karnataka, India
Gurugram, Haryana, India
Hyderabad, Telangana, India
Pune, Maharashtra, India",https://usijobs.deloitte.com/careersUSI/Login?jobId=73273,73273
Analyst-International Project Accounting-FSG,Deloitte Support Services India Private Limited,Finance | US GLOBAL REIMBURSEMENTS,"Hyderabad, Telangana, India",https://usijobs.deloitte.com/careersUSI/Login?jobId=55158,55158
Analyst-MDM-GFS,Deloitte Support Services India Private Limited,Finance | GFS FINANCE OPERATIONS,"Hyderabad, Telangana, India",https://usijobs.deloitte.com/careersUSI/Login?jobId=52009,52009
Analyst-MF-Commercial Finance,Deloitte Support Services India Private Limited,Finance | US GLOBAL REIMBURSEMENTS,"Hyderabad, Telangana, India",https://usijobs.deloitte.com/careersUSI/Login?jobId=66220,66220
Analyst-Non Technology,Deloitte Support Services India Private Limited,Administrative & Support Services | DTTL/MF,"Bengaluru, Karnataka, India",https://usijobs.deloitte.com/careersUSI/Login?jobId=93437,93437
Analyst-PCEC-GFS,Deloitte Support Services India Private Limited,Finance,"Hyderabad, Telangana, India",https://usijobs.deloitte.com/careersUSI/Login?jobId=93118,93118
Analyst-PTP-GFS,Deloitte Support Services India Private Limited,Finance,"Hyderabad, Telangana, India",https://usijobs.deloitte.com/careersUSI/Login?jobId=93116,93116
Analyst-Sharepoint Developer-Global Tax and Legal-Hyderabad,Deloitte Support Services India Private Limited,Software Engineering,"Hyderabad, Telangana, India",https://usijobs.deloitte.com/careersUSI/Login?jobId=66415,66415
Analyst-UK Tax-Hyderabad/Bangalore,Deloitte Tax Services India Private Limited,Tax | National Tax,"Bengaluru, Karnataka, India
Hyderabad, Telangana, India",https://usijobs.deloitte.com/careersUSI/Login?jobId=95123,95123
"Analyst, Labs Center of Excellence (CoE) Program",Deloitte Support Services India Private Limited,Program & Project Management,"Hyderabad, Telangana, India",https://usijobs.deloitte.com/careersUSI/Login?jobId=75525,75525
Analyst/ Consultant – Strategy and Innovation - Deloitte Risk and Financial Advisory,Deloitte Financial Advisory Services India Private Limited,Cyber | Risk & Financial Advisory National,"Bengaluru, Karnataka, India
Gurugram, Haryana, India
Hyderabad, Telangana, India
Mumbai, Maharashtra, India",https://usijobs.deloitte.com/careersUSI/Login?jobId=47649,47649
Analyst/ Consultant/ Senior Consultant-Axon / EDC,Deloitte Consulting India Private Limited,Software Engineering | Strategy & Analytics,"Bengaluru, Karnataka, India
Gurugram, Haryana, India
Hyderabad, Telangana, India
Mumbai, Maharashtra, India",https://usijobs.deloitte.com/careersUSI/Login?jobId=54813,54813
Analyst/ Consultant/ Senior Consultant-Axon / EDC,Deloitte Consulting India Private Limited,Software Engineering | Strategy & Analytics,"Bengaluru, Karnataka, India
Gurugram, Haryana, India
Hyderabad, Telangana, India
Mumbai, Maharashtra, India",https://usijobs.deloitte.com/careersUSI/Login?jobId=54816,54816
Analyst/ Consultant/Senior Consultant- Data Engineer,Deloitte Consulting India Private Limited,Software Engineering | Strategy & Analytics,"Bengaluru, Karnataka, India
Gurugram, Haryana, India
Hyderabad, Telangana, India
Mumbai, Maharashtra, India",https://usijobs.deloitte.com/careersUSI/Login?jobId=54807,54807
Analyst/ Consultant/Senior Consultant- Data Engineer,Deloitte Consulting India Private Limited,Software Engineering | Strategy & Analytics,"Bengaluru, Karnataka, India
Gurugram, Haryana, India
Hyderabad, Telangana, India
Mumbai, Maharashtra, India",https://usijobs.deloitte.com/careersUSI/Login?jobId=54804,54804
"Analyst/ Senior Analyst, Learning & Development, Strategy & Operations",Deloitte Consulting India Private Limited,Human Resources | Learning & Development,"Hyderabad, Telangana, India",https://usijobs.deloitte.com/careersUSI/Login?jobId=93903,93903
Analyst/ Sr. Analyst - Account Management & Research,Deloitte Support Services India Private Limited,Administrative & Support Services | DTTL/MF - Global MF Services,"Hyderabad, Telangana, India",https://usijobs.deloitte.com/careersUSI/Login?jobId=95154,95154
Analyst/Consultant,Deloitte Consulting India Private Limited,Software Engineering | Core Business Operations,"Bengaluru, Karnataka, India
Hyderabad, Telangana, India
Mumbai, Maharashtra, India",https://usijobs.deloitte.com/careersUSI/Login?jobId=78871,78871
Analyst/Consultant - Engagement Financial Advisors,Deloitte Consulting India Private Limited,Finance | ENGAGEMENT FINANCIAL ADVISORS,"Bengaluru, Karnataka, India
Hyderabad, Telangana, India",https://usijobs.deloitte.com/careersUSI/Login?jobId=93649,93649
Analyst/Consultant- Data Modelling,Deloitte Consulting India Private Limited,Software Engineering | Strategy & Analytics,"Bengaluru, Karnataka, India
Gurugram, Haryana, India
Hyderabad, Telangana, India
Mumbai, Maharashtra, India",https://usijobs.deloitte.com/careersUSI/Login?jobId=71192,71192
Analyst/Consultant- SSIS,Deloitte Consulting India Private Limited,Software Engineering | Strategy & Analytics,"Bengaluru, Karnataka, India
Gurugram, Haryana, India
Hyderabad, Telangana, India
Mumbai, Maharashtra, India",https://usijobs.deloitte.com/careersUSI/Login?jobId=58473,58473
Analyst/Consultant-A&C,Deloitte Consulting India Private Limited,Software Engineering | Strategy & Analytics,"Bengaluru, Karnataka, India
Chennai, Tamil Nadu, India
Gurugram, Haryana, India
Hyderabad, Telangana, India
Kolkata, West Bengal, India
Mumbai, Maharashtra, India
Pune, Maharashtra, India",https://usijobs.deloitte.com/careersUSI/Login?jobId=87982,87982
Analyst/Consultant-A&C-Talend ETL,Deloitte Consulting India Private Limited,AI & Analytics | Strategy & Analytics,"Bengaluru, Karnataka, India
Gurugram, Haryana, India
Hyderabad, Telangana, India
Mumbai, Maharashtra, India",https://usijobs.deloitte.com/careersUSI/Login?jobId=63475,63475
Analyst/Consultant-Big Data Testing,Deloitte Consulting India Private Limited,Software Engineering | Strategy & Analytics,"Bengaluru, Karnataka, India
Gurugram, Haryana, India
Hyderabad, Telangana, India
Mumbai, Maharashtra, India",https://usijobs.deloitte.com/careersUSI/Login?jobId=46836,46836
Analyst/Senior Analyst - Talent Operation - W2D Facilitation & Program Management - HYD/BLR,Deloitte Consulting India Private Limited,Human Resources | Talent Ops - Core Talent Services,"Bengaluru, Karnataka, India
Hyderabad, Telangana, India",https://usijobs.deloitte.com/careersUSI/Login?jobId=51478,51478
Analyst/Senior Analyst—Network Engagement Specialist —GTLO-  Brand Marketing & Communications—Hyderabad,Deloitte Support Services India Private Limited,AI & Analytics | US GLOBAL REIMBURSEMENTS,"Hyderabad, Telangana, India",https://usijobs.deloitte.com/careersUSI/Login?jobId=97976,97976
Analyst/Sr. Analyst - Marketing Data Analytics,Deloitte Support Services India Private Limited,"Advertising, Marketing & Commerce","Hyderabad, Telangana, India",https://usijobs.deloitte.com/careersUSI/Login?jobId=64408,64408
Analytics - Specialist Assistant / Specialist Senior,Deloitte & Touche Assurance and Enterprise Risk Services India Private Limited,AI & Analytics | Core Audit Services,"Gurugram, Haryana, India
Hyderabad, Telangana, India",https://usijobs.deloitte.com/careersUSI/Login?jobId=97515,97515
Analytics - Specialist Senior Assistant,Deloitte & Touche Assurance and Enterprise Risk Services India Private Limited,AI & Analytics | Core Audit Services,"Gurugram, Haryana, India
Hyderabad, Telangana, India",https://usijobs.deloitte.com/careersUSI/Login?jobId=97525,97525
Analytics - Specialist Senior Assistant,Deloitte & Touche Assurance and Enterprise Risk Services India Private Limited,AI & Analytics | Core Audit Services,"Gurugram, Haryana, India
Hyderabad, Telangana, India",https://usijobs.deloitte.com/careersUSI/Login?jobId=84223,84223
Analytics & Behavioral Insights – Senior Analyst- GTO-Hyderabad,Deloitte Support Services India Private Limited,AI & Analytics,"Hyderabad, Telangana, India",https://usijobs.deloitte.com/careersUSI/Login?jobId=62194,62194
Analytics & Reporting - Analyst/Senior Analyst,Deloitte Support Services India Private Limited,Information Technology | Talent Ops - Core Talent Services,"Hyderabad, Telangana, India",https://usijobs.deloitte.com/careersUSI/Login?jobId=98123,98123
Analytics Solution Architect,Deloitte Financial Advisory Services India Private Limited,Software Engineering | Regulatory & Legal Support,"Chennai, Tamil Nadu, India
Gurugram, Haryana, India
Hyderabad, Telangana, India
Kolkata, West Bengal, India
Mumbai, Maharashtra, India
Pune, Maharashtra, India",https://usijobs.deloitte.com/careersUSI/Login?jobId=76372,76372
Analytics Specialist & Developer - Consultant,Deloitte Consulting India Private Limited,"Advertising, Marketing & Commerce | Customer & Marketing","Bengaluru, Karnataka, India
Chennai, Tamil Nadu, India
Gurugram, Haryana, India
Hyderabad, Telangana, India
Kolkata, West Bengal, India
Mumbai, Maharashtra, India
Pune, Maharashtra, India",https://usijobs.deloitte.com/careersUSI/Login?jobId=90983,90983
Analytics Specialist Assistant / Senior Assistant,Deloitte & Touche Assurance and Enterprise Risk Services India Private Limited,AI & Analytics | Core Audit Services,"Bengaluru, Karnataka, India",https://usijobs.deloitte.com/careersUSI/Login?jobId=52407,52407
Anaplan Architect - AM,Deloitte Support Services India Private Limited,Software Engineering | DAS,"Bengaluru, Karnataka, India
Hyderabad, Telangana, India",https://usijobs.deloitte.com/careersUSI/Login?jobId=95431,95431
Anaplan Consultant,Deloitte Consulting India Private Limited,Digital | Customer & Marketing,"Bengaluru, Karnataka, India
Chennai, Tamil Nadu, India
Gurugram, Haryana, India
Hyderabad, Telangana, India
Kolkata, West Bengal, India
Mumbai, Maharashtra, India
Pune, Maharashtra, India",https://usijobs.deloitte.com/careersUSI/Login?jobId=92107,92107
Anaplan FQV-Analyst,Deloitte Consulting India Private Limited,Software Engineering | Customer & Marketing,"Bengaluru, Karnataka, India
Chennai, Tamil Nadu, India
Gurugram, Haryana, India
Hyderabad, Telangana, India
Kolkata, West Bengal, India
Mumbai, Maharashtra, India
Pune, Maharashtra, India",https://usijobs.deloitte.com/careersUSI/Login?jobId=95131,95131
